copy_key,comp_id,resolution,method,n_centres,n_differing,differing_abs_volumes,min_abs_volume_all,labels,error
3NTL:A:550,IHP,1.88,X-RAY DIFFRACTION,6.0,3.0,"[2.273, 2.646, 2.435]",1.9243261211243357,"[[""S"", ""R""], [""s"", ""R""], [""R"", ""R""], [""S"", ""S""], [""r"", ""S""], [""R"", ""R""]]",
3NTL:B:551,IHP,1.88,X-RAY DIFFRACTION,6.0,3.0,"[2.186, 2.215, 2.506]",2.1567398059745466,"[[""S"", ""R""], [""s"", ""R""], [""R"", ""R""], [""S"", ""S""], [""r"", ""S""], [""R"", ""R""]]",
4LV7:A:501,IHP,2.6,X-RAY DIFFRACTION,6.0,5.0,"[2.425, 2.331, 2.439, 2.182, 2.261]",2.1823690172524173,"[[""S"", ""r""], [""s"", ""r""], [""R"", ""r""], [""S"", ""r""], [""r"", ""r""], [""R"", ""r""]]",
4LV7:B:501,IHP,2.6,X-RAY DIFFRACTION,6.0,5.0,"[2.408, 2.266, 2.491, 2.21, 2.285]",2.210267095365839,"[[""S"", ""r""], [""s"", ""r""], [""R"", ""r""], [""S"", ""r""], [""r"", ""r""], [""R"", ""r""]]",
6BK8:A:3001,IHP,3.3,ELECTRON MICROSCOPY,6.0,5.0,"[2.12, 1.95, 2.122, 2.078, 2.094]",1.9500822715632182,"[[""S"", ""s""], [""s"", ""s""], [""R"", ""s""], [""S"", ""s""], [""r"", ""s""], [""R"", ""s""]]",
6QH5:A:701,IHP,2.56,X-RAY DIFFRACTION,6.0,5.0,"[1.778, 1.044, 1.676, 2.056, 2.022]",1.0442094526905286,"[[""S"", ""s""], [""s"", ""s""], [""R"", ""s""], [""S"", ""s""], [""r"", ""s""], [""R"", ""s""]]",
7DNU:A:301,IHP,2.25,X-RAY DIFFRACTION,6.0,5.0,"[2.187, 2.216, 2.313, 1.376, 2.226]",1.3759264381907217,"[[""S"", ""s""], [""s"", ""s""], [""R"", ""s""], [""S"", ""s""], [""r"", ""s""], [""R"", ""s""]]",
7OHO:AAA:701,IHP,2.88,X-RAY DIFFRACTION,6.0,1.0,[2.737],2.2688728586066644,"[[""S"", ""S""], [""s"", ""r""], [""R"", ""R""], [""S"", ""S""], [""r"", ""r""], [""R"", ""R""]]",
8WDQ:A:301,,,,,,,,,KeyError: 'template_cip'
8WDQ:B:302,,,,,,,,,KeyError: 'template_cip'
9YKV:A:1102,IHP,2.73,ELECTRON MICROSCOPY,6.0,3.0,"[2.162, 2.367, 2.473]",2.1621490283017497,"[[""S"", ""R""], [""s"", ""s""], [""R"", ""S""], [""S"", ""S""], [""r"", ""s""], [""R"", ""R""]]",
5MZA:B:205,IHP,2.78,X-RAY DIFFRACTION,6.0,5.0,"[2.364, 2.62, 2.353, 2.424, 2.316]",2.316148517464656,"[[""S"", ""s""], [""s"", ""s""], [""R"", ""s""], [""S"", ""s""], [""r"", ""s""], [""R"", ""s""]]",
6BU0:B:1701,IHP,2.43,X-RAY DIFFRACTION,6.0,3.0,"[2.532, 2.74, 1.777]",1.7773755436057321,"[[""S"", ""R""], [""s"", ""s""], [""R"", ""S""], [""S"", ""S""], [""r"", ""s""], [""R"", ""R""]]",
6BU0:B:1702,IHP,2.43,X-RAY DIFFRACTION,6.0,3.0,"[2.367, 2.402, 2.622]",2.248765401710488,"[[""S"", ""R""], [""s"", ""s""], [""R"", ""S""], [""S"", ""S""], [""r"", ""s""], [""R"", ""R""]]",
6BU0:C:1701,IHP,2.43,X-RAY DIFFRACTION,6.0,3.0,"[2.355, 2.181, 2.582]",2.1807563728003707,"[[""S"", ""R""], [""s"", ""s""], [""R"", ""S""], [""S"", ""S""], [""r"", ""s""], [""R"", ""R""]]",
6BU0:C:1702,IHP,2.43,X-RAY DIFFRACTION,6.0,3.0,"[2.296, 2.384, 2.562]",2.26872710696827,"[[""S"", ""R""], [""s"", ""s""], [""R"", ""S""], [""S"", ""S""], [""r"", ""s""], [""R"", ""R""]]",
7E1I:B:201,IHP,3.3,X-RAY DIFFRACTION,6.0,2.0,"[2.5, 2.483]",2.383798649273122,"[[""S"", ""S""], [""s"", ""R""], [""R"", ""R""], [""S"", ""S""], [""r"", ""S""], [""R"", ""R""]]",
7E1I:C:201,IHP,3.3,X-RAY DIFFRACTION,6.0,2.0,"[2.389, 2.477]",2.389095144393252,"[[""S"", ""S""], [""s"", ""R""], [""R"", ""R""], [""S"", ""S""], [""r"", ""S""], [""R"", ""R""]]",
7E1I:D:201,IHP,3.3,X-RAY DIFFRACTION,6.0,2.0,"[2.542, 2.476]",2.345498167776775,"[[""S"", ""S""], [""s"", ""R""], [""R"", ""R""], [""S"", ""S""], [""r"", ""S""], [""R"", ""R""]]",
7E1I:E:202,IHP,3.3,X-RAY DIFFRACTION,6.0,2.0,"[2.534, 2.48]",2.356285299849415,"[[""S"", ""S""], [""s"", ""R""], [""R"", ""R""], [""S"", ""S""], [""r"", ""S""], [""R"", ""R""]]",
7E1I:G:201,IHP,3.3,X-RAY DIFFRACTION,6.0,2.0,"[2.533, 2.5]",2.379300597835337,"[[""S"", ""S""], [""s"", ""R""], [""R"", ""R""], [""S"", ""S""], [""r"", ""S""], [""R"", ""R""]]",
7E1I:I:201,IHP,3.3,X-RAY DIFFRACTION,6.0,2.0,"[2.475, 2.414]",2.3744394856136184,"[[""S"", ""S""], [""s"", ""R""], [""R"", ""R""], [""S"", ""S""], [""r"", ""S""], [""R"", ""R""]]",
7E1I:J:201,IHP,3.3,X-RAY DIFFRACTION,6.0,2.0,"[2.47, 2.478]",2.384188221321156,"[[""S"", ""S""], [""s"", ""R""], [""R"", ""R""], [""S"", ""S""], [""r"", ""S""], [""R"", ""R""]]",
7E1I:K:201,IHP,3.3,X-RAY DIFFRACTION,6.0,2.0,"[2.529, 2.448]",2.391688500867811,"[[""S"", ""S""], [""s"", ""R""], [""R"", ""R""], [""S"", ""S""], [""r"", ""S""], [""R"", ""R""]]",
7OR0:A:1206,IHP,2.64,ELECTRON MICROSCOPY,6.0,5.0,"[2.609, 2.585, 2.535, 2.614, 2.45]",2.4226839803021676,"[[""S"", ""s""], [""s"", ""s""], [""R"", ""s""], [""S"", ""s""], [""r"", ""s""], [""R"", ""s""]]",
7OR0:B:1206,IHP,2.64,ELECTRON MICROSCOPY,6.0,5.0,"[2.606, 2.586, 2.537, 2.613, 2.449]",2.420087501342117,"[[""S"", ""s""], [""s"", ""s""], [""R"", ""s""], [""S"", ""s""], [""r"", ""s""], [""R"", ""s""]]",
7OR0:C:1206,IHP,2.64,ELECTRON MICROSCOPY,6.0,5.0,"[2.607, 2.584, 2.533, 2.612, 2.451]",2.422406594696181,"[[""S"", ""s""], [""s"", ""s""], [""R"", ""s""], [""S"", ""s""], [""r"", ""s""], [""R"", ""s""]]",
7OR0:D:1201,IHP,2.64,ELECTRON MICROSCOPY,6.0,5.0,"[2.609, 2.584, 2.53, 2.616, 2.451]",2.424980537959744,"[[""S"", ""s""], [""s"", ""s""], [""R"", ""s""], [""S"", ""s""], [""r"", ""s""], [""R"", ""s""]]",
5W3Y:A:501,IHP,2.2,X-RAY DIFFRACTION,6.0,5.0,"[2.262, 2.056, 1.845, 1.98, 1.828]",1.7842295790835974,"[[""S"", ""s""], [""s"", ""s""], [""R"", ""s""], [""S"", ""s""], [""r"", ""s""], [""R"", ""s""]]",
5W3Y:B:501,IHP,2.2,X-RAY DIFFRACTION,6.0,5.0,"[2.139, 2.197, 1.873, 2.063, 2.106]",1.872791703156327,"[[""S"", ""s""], [""s"", ""s""], [""R"", ""s""], [""S"", ""s""], [""r"", ""s""], [""R"", ""s""]]",
5W3Y:C:501,IHP,2.2,X-RAY DIFFRACTION,6.0,5.0,"[2.279, 2.137, 2.262, 2.348, 2.061]",2.0608604751486816,"[[""S"", ""s""], [""s"", ""s""], [""R"", ""s""], [""S"", ""s""], [""r"", ""s""], [""R"", ""s""]]",
5W3Y:D:501,IHP,2.2,X-RAY DIFFRACTION,6.0,5.0,"[2.251, 2.341, 2.275, 2.152, 2.125]",1.9298069593640395,"[[""S"", ""s""], [""s"", ""s""], [""R"", ""s""], [""S"", ""s""], [""r"", ""s""], [""R"", ""s""]]",
9B83:A:1301,IHP,3.01,ELECTRON MICROSCOPY,6.0,3.0,"[2.304, 2.283, 2.561]",2.2825710324388098,"[[""S"", ""R""], [""s"", ""s""], [""R"", ""S""], [""S"", ""S""], [""r"", ""s""], [""R"", ""R""]]",
9B83:B:1301,IHP,3.01,ELECTRON MICROSCOPY,6.0,3.0,"[2.415, 2.509, 2.391]",2.286059761652119,"[[""S"", ""R""], [""s"", ""s""], [""R"", ""S""], [""S"", ""S""], [""r"", ""s""], [""R"", ""R""]]",
9QO4:B:501,IHP,2.95,ELECTRON MICROSCOPY,6.0,5.0,"[2.486, 2.528, 2.564, 2.514, 2.572]",2.4855926228262764,"[[""S"", ""s""], [""s"", ""s""], [""R"", ""s""], [""S"", ""s""], [""r"", ""s""], [""R"", ""s""]]",
5W40:A:501,IHP,2.53,X-RAY DIFFRACTION,6.0,5.0,"[2.257, 2.137, 2.199, 2.206, 2.088]",1.991757174895469,"[[""S"", ""s""], [""s"", ""s""], [""R"", ""s""], [""S"", ""s""], [""r"", ""s""], [""R"", ""s""]]",
5W40:B:501,IHP,2.53,X-RAY DIFFRACTION,6.0,5.0,"[2.191, 2.185, 2.022, 2.169, 2.224]",2.0223660641167327,"[[""S"", ""s""], [""s"", ""s""], [""R"", ""s""], [""S"", ""s""], [""r"", ""s""], [""R"", ""s""]]",
5W40:C:501,IHP,2.53,X-RAY DIFFRACTION,6.0,5.0,"[2.3, 2.28, 2.05, 2.361, 2.193]",2.050088990420779,"[[""S"", ""s""], [""s"", ""s""], [""R"", ""s""], [""S"", ""s""], [""r"", ""s""], [""R"", ""s""]]",
5W40:D:501,IHP,2.53,X-RAY DIFFRACTION,6.0,5.0,"[2.357, 2.182, 2.172, 2.308, 1.992]",1.9919214605842797,"[[""S"", ""s""], [""s"", ""s""], [""R"", ""s""], [""S"", ""s""], [""r"", ""s""], [""R"", ""s""]]",
7K36:I:901,IHP,3.3,ELECTRON MICROSCOPY,6.0,5.0,"[2.154, 2.26, 2.168, 2.101, 2.112]",2.100520090790969,"[[""S"", ""s""], [""s"", ""s""], [""R"", ""s""], [""S"", ""s""], [""r"", ""s""], [""R"", ""s""]]",
8QOZ:A:2401,IHP,3.1,ELECTRON MICROSCOPY,6.0,5.0,"[2.374, 2.467, 2.439, 2.425, 2.346]",2.3460108089145564,"[[""S"", ""s""], [""s"", ""s""], [""R"", ""s""], [""S"", ""s""], [""r"", ""s""], [""R"", ""s""]]",
9B84:A:1301,IHP,3.2,ELECTRON MICROSCOPY,6.0,3.0,"[2.358, 2.342, 2.517]",2.3424943547190935,"[[""S"", ""R""], [""s"", ""s""], [""R"", ""S""], [""S"", ""S""], [""r"", ""s""], [""R"", ""R""]]",
9B84:B:1301,IHP,3.2,ELECTRON MICROSCOPY,6.0,3.0,"[2.445, 2.411, 2.117]",2.1174484665505346,"[[""S"", ""R""], [""s"", ""s""], [""R"", ""S""], [""S"", ""S""], [""r"", ""s""], [""R"", ""R""]]",
3C6P:B:1000,IHP,2.7,X-RAY DIFFRACTION,6.0,5.0,"[2.012, 2.182, 1.61, 1.389, 1.48]",1.0223415064601156,"[[""S"", ""s""], [""s"", ""s""], [""R"", ""s""], [""S"", ""s""], [""r"", ""s""], [""R"", ""s""]]",
7KFN:A:801,IHP,2.5,X-RAY DIFFRACTION,6.0,3.0,"[2.608, 2.711, 2.394]",2.186019175537896,"[[""S"", ""R""], [""s"", ""s""], [""R"", ""S""], [""S"", ""S""], [""r"", ""s""], [""R"", ""R""]]",
7KFN:D:801,IHP,2.5,X-RAY DIFFRACTION,6.0,3.0,"[2.646, 2.67, 2.397]",2.2261292483197277,"[[""S"", ""R""], [""s"", ""s""], [""R"", ""S""], [""S"", ""S""], [""r"", ""s""], [""R"", ""R""]]",
7SGL:B:701,IHP,3.0,ELECTRON MICROSCOPY,6.0,3.0,"[2.466, 2.501, 2.594]",2.4656496586949856,"[[""S"", ""R""], [""s"", ""s""], [""R"", ""S""], [""S"", ""S""], [""r"", ""s""], [""R"", ""R""]]",
8CVS:c:1901,IHP,3.1,ELECTRON MICROSCOPY,6.0,5.0,"[2.212, 2.241, 2.226, 1.821, 2.163]",1.8214855593437829,"[[""S"", ""s""], [""s"", ""s""], [""R"", ""s""], [""S"", ""s""], [""r"", ""s""], [""R"", ""s""]]",
8CVS:c:1902,IHP,3.1,ELECTRON MICROSCOPY,6.0,5.0,"[2.23, 2.2, 2.534, 2.3, 2.418]",2.200387324994054,"[[""S"", ""s""], [""s"", ""s""], [""R"", ""s""], [""S"", ""s""], [""r"", ""s""], [""R"", ""s""]]",
8QP8:A:2401,IHP,3.5,ELECTRON MICROSCOPY,6.0,5.0,"[2.482, 2.389, 2.467, 2.358, 2.465]",2.357896202126568,"[[""S"", ""s""], [""s"", ""s""], [""R"", ""s""], [""S"", ""s""], [""r"", ""s""], [""R"", ""s""]]",
9R3D:A:2401,IHP,3.12,ELECTRON MICROSCOPY,6.0,5.0,"[2.384, 2.342, 2.48, 2.412, 2.493]",2.341517211542147,"[[""S"", ""s""], [""s"", ""s""], [""R"", ""s""], [""S"", ""s""], [""r"", ""s""], [""R"", ""s""]]",
1FHW:A:1001,I5P,1.9,X-RAY DIFFRACTION,6.0,4.0,"[2.476, 2.506, 2.521, 2.481]",2.412729490171208,"[[""R"", ""r""], [""S"", ""R""], [""R"", ""S""], [""S"", ""r""], [""R"", ""R""], [""S"", ""S""]]",
6Z3R:A:3702,IHP,2.97,ELECTRON MICROSCOPY,6.0,3.0,"[2.454, 2.486, 0.682]",0.5399781305581897,"[[""S"", ""R""], [""s"", ""s""], [""R"", ""S""], [""S"", ""S""], [""r"", ""s""], [""R"", ""R""]]",
7KIR:A:501,2IP,2.6,X-RAY DIFFRACTION,6.0,1.0,[2.367],2.293183346095775,"[[""R"", ""R""], [""S"", ""S""], [""R"", ""R""], [""R"", ""R""], [""R"", ""R""], [""S"", ""R""]]",
8QPE:A:2401,IHP,3.1,ELECTRON MICROSCOPY,6.0,5.0,"[2.41, 2.378, 2.505, 2.463, 2.494]",2.378396754529959,"[[""S"", ""s""], [""s"", ""s""], [""R"", ""s""], [""S"", ""s""], [""r"", ""s""], [""R"", ""s""]]",
9CAD:D:3901,IHP,3.05,ELECTRON MICROSCOPY,6.0,2.0,"[2.61, 1.748]",1.7479540373958855,"[[""S"", ""R""], [""s"", ""s""], [""R"", ""S""], [""S"", ""S""], [""r"", ""r""], [""R"", ""R""]]",
9FPZ:B:901,IHP,2.69,ELECTRON MICROSCOPY,6.0,2.0,"[2.595, 2.599]",2.5950377743329227,"[[""S"", ""S""], [""s"", ""s""], [""R"", ""R""], [""S"", ""R""], [""r"", ""r""], [""R"", ""S""]]",
5KLP:A:401,IHP,2.0,X-RAY DIFFRACTION,6.0,5.0,"[2.268, 2.381, 2.081, 2.02, 2.128]",1.85263399578574,"[[""S"", ""s""], [""s"", ""s""], [""R"", ""s""], [""S"", ""s""], [""r"", ""s""], [""R"", ""s""]]",
5KLP:B:401,IHP,2.0,X-RAY DIFFRACTION,6.0,5.0,"[0.932, 1.835, 2.077, 2.048, 0.713]",0.7129194640751796,"[[""S"", ""s""], [""s"", ""s""], [""R"", ""s""], [""S"", ""s""], [""r"", ""s""], [""R"", ""s""]]",
5KLP:C:401,IHP,2.0,X-RAY DIFFRACTION,6.0,5.0,"[2.012, 1.931, 1.782, 1.804, 2.248]",1.689575158425326,"[[""S"", ""s""], [""s"", ""s""], [""R"", ""s""], [""S"", ""s""], [""r"", ""s""], [""R"", ""s""]]",
9CAF:D:3901,IHP,2.35,ELECTRON MICROSCOPY,6.0,2.0,"[2.607, 1.913]",1.9133499753169048,"[[""S"", ""R""], [""s"", ""s""], [""R"", ""S""], [""S"", ""S""], [""r"", ""r""], [""R"", ""R""]]",
9TMS:c:1901,IHP,2.9,ELECTRON MICROSCOPY,6.0,3.0,"[2.495, 2.293, 2.509]",2.293244225165381,"[[""S"", ""R""], [""s"", ""s""], [""R"", ""S""], [""S"", ""S""], [""r"", ""s""], [""R"", ""R""]]",
5KLQ:A:401,IHP,3.4,X-RAY DIFFRACTION,6.0,5.0,"[2.258, 2.191, 2.221, 2.193, 2.356]",2.1910383818013184,"[[""S"", ""s""], [""s"", ""s""], [""R"", ""s""], [""S"", ""s""], [""r"", ""s""], [""R"", ""s""]]",
5KLQ:B:401,IHP,3.4,X-RAY DIFFRACTION,6.0,5.0,"[2.408, 2.299, 2.049, 2.666, 2.117]",1.8316622801128988,"[[""S"", ""s""], [""s"", ""s""], [""R"", ""s""], [""S"", ""s""], [""r"", ""s""], [""R"", ""s""]]",
5KLQ:C:401,IHP,3.4,X-RAY DIFFRACTION,6.0,5.0,"[2.142, 2.075, 2.153, 2.141, 2.13]",2.069404762653976,"[[""S"", ""s""], [""s"", ""s""], [""R"", ""s""], [""S"", ""s""], [""r"", ""s""], [""R"", ""s""]]",
7KTR:A:4001,IHP,2.93,ELECTRON MICROSCOPY,6.0,3.0,"[2.45, 2.391, 2.5]",2.3913459366247025,"[[""S"", ""R""], [""s"", ""s""], [""R"", ""S""], [""S"", ""S""], [""r"", ""s""], [""R"", ""R""]]",
9UMG:D:801,IHP,3.04,ELECTRON MICROSCOPY,6.0,5.0,"[2.483, 2.44, 2.491, 2.457, 2.459]",2.4395081584245677,"[[""S"", ""s""], [""s"", ""s""], [""R"", ""s""], [""S"", ""s""], [""r"", ""s""], [""R"", ""s""]]",
9UMG:D:802,IHP,3.04,ELECTRON MICROSCOPY,6.0,5.0,"[2.292, 2.399, 2.449, 2.336, 2.365]",2.2919534467869855,"[[""S"", ""s""], [""s"", ""s""], [""R"", ""s""], [""S"", ""s""], [""r"", ""s""], [""R"", ""s""]]",
9UMG:E:901,IHP,3.04,ELECTRON MICROSCOPY,6.0,5.0,"[2.448, 2.507, 2.453, 2.418, 2.464]",2.411112863832507,"[[""S"", ""s""], [""s"", ""s""], [""R"", ""s""], [""S"", ""s""], [""r"", ""s""], [""R"", ""s""]]",
6BE0:A:301,IHP,2.44,X-RAY DIFFRACTION,6.0,2.0,"[2.454, 2.42]",2.3583194025495398,"[[""S"", ""R""], [""s"", ""s""], [""R"", ""S""], [""S"", ""S""], [""r"", ""r""], [""R"", ""R""]]",
6ZYM:A:3001,IHP,3.4,ELECTRON MICROSCOPY,6.0,5.0,"[2.014, 2.311, 2.365, 2.211, 2.12]",2.013806434106023,"[[""S"", ""s""], [""s"", ""s""], [""R"", ""s""], [""S"", ""s""], [""r"", ""s""], [""R"", ""s""]]",
7L1K:A:301,IHP,3.16,ELECTRON MICROSCOPY,6.0,5.0,"[2.251, 1.87, 1.9, 1.835, 2.108]",1.7689015022517656,"[[""S"", ""s""], [""s"", ""s""], [""R"", ""s""], [""S"", ""s""], [""r"", ""s""], [""R"", ""s""]]",
7SU3:B:701,IHP,3.3,ELECTRON MICROSCOPY,6.0,3.0,"[2.382, 2.347, 2.345]",2.345262230084117,"[[""S"", ""R""], [""s"", ""s""], [""R"", ""S""], [""S"", ""S""], [""r"", ""s""], [""R"", ""R""]]",
8T96:A:404,K7V,2.36,X-RAY DIFFRACTION,6.0,2.0,"[2.495, 2.591]",2.4141200575487103,"[[""r"", ""s""], [""S"", ""S""], [""R"", ""R""], [""s"", ""r""], [""S"", ""S""], [""R"", ""R""]]",
9VA7:B:501,IHP,2.23,X-RAY DIFFRACTION,6.0,3.0,"[2.663, 2.659, 0.245]",0.2447726334063049,"[[""S"", ""R""], [""s"", ""s""], [""R"", ""S""], [""S"", ""S""], [""r"", ""s""], [""R"", ""R""]]",
9VA7:C:501,IHP,2.23,X-RAY DIFFRACTION,6.0,3.0,"[2.624, 2.455, 0.204]",0.20367711118715004,"[[""S"", ""R""], [""s"", ""s""], [""R"", ""S""], [""S"", ""S""], [""r"", ""s""], [""R"", ""R""]]",
9VA7:D:501,IHP,2.23,X-RAY DIFFRACTION,6.0,3.0,"[2.708, 3.011, 0.151]",0.15052554794070605,"[[""S"", ""R""], [""s"", ""s""], [""R"", ""S""], [""S"", ""S""], [""r"", ""s""], [""R"", ""R""]]",
9VA7:E:501,IHP,2.23,X-RAY DIFFRACTION,6.0,3.0,"[2.424, 2.948, 0.275]",0.2749388662139218,"[[""S"", ""R""], [""s"", ""s""], [""R"", ""S""], [""S"", ""S""], [""r"", ""s""], [""R"", ""R""]]",
9VA7:F:501,IHP,2.23,X-RAY DIFFRACTION,6.0,2.0,"[0.806, 0.538]",0.10642076602846268,"[[""S"", ""S""], [""s"", ""s""], [""R"", ""R""], [""S"", ""R""], [""r"", ""r""], [""R"", ""S""]]",
8T97:A:403,KGN,2.46,X-RAY DIFFRACTION,6.0,6.0,"[2.535, 2.556, 2.517, 2.572, 2.589, 2.572]",2.517471050358092,"[[""S"", ""r""], [""R"", ""r""], [""R"", ""r""], [""S"", ""r""], [""S"", ""r""], [""S"", ""r""]]",
9VRD:A:1601,IHP,3.03,ELECTRON MICROSCOPY,6.0,5.0,"[2.47, 2.503, 2.479, 2.505, 2.458]",2.457845481099513,"[[""S"", ""s""], [""s"", ""s""], [""R"", ""s""], [""S"", ""s""], [""r"", ""s""], [""R"", ""s""]]",
5D3X:A:501,4IP,1.69,X-RAY DIFFRACTION,6.0,1.0,[1.43],1.429883172847512,"[[""S"", ""S""], [""S"", ""S""], [""S"", ""S""], [""R"", ""R""], [""S"", ""R""], [""S"", ""S""]]",
5D3X:B:501,4IP,1.69,X-RAY DIFFRACTION,6.0,1.0,[2.346],2.345846698234868,"[[""S"", ""S""], [""S"", ""S""], [""S"", ""S""], [""R"", ""R""], [""S"", ""R""], [""S"", ""S""]]",
6O07:A:920,IHP,2.7,X-RAY DIFFRACTION,6.0,5.0,"[2.489, 2.256, 2.133, 2.48, 2.52]",2.1071595315285756,"[[""S"", ""r""], [""s"", ""r""], [""R"", ""r""], [""S"", ""r""], [""r"", ""r""], [""R"", ""r""]]",
8EEP:A:402,IHP,2.2,ELECTRON MICROSCOPY,6.0,3.0,"[2.349, 2.398, 2.127]",2.126719714193108,"[[""S"", ""R""], [""s"", ""s""], [""R"", ""S""], [""S"", ""S""], [""r"", ""s""], [""R"", ""R""]]",
9L5R:J:1001,IHP,2.8,ELECTRON MICROSCOPY,6.0,3.0,"[2.542, 2.573, 2.718]",2.139126778088599,"[[""S"", ""R""], [""s"", ""s""], [""R"", ""S""], [""S"", ""S""], [""r"", ""s""], [""R"", ""R""]]",
9RST:A:2501,IHP,2.93,ELECTRON MICROSCOPY,6.0,5.0,"[2.527, 2.361, 2.405, 2.348, 2.455]",2.348259380900913,"[[""S"", ""s""], [""s"", ""s""], [""R"", ""s""], [""S"", ""s""], [""r"", ""s""], [""R"", ""s""]]",
9VRE:A:1601,IHP,3.5,ELECTRON MICROSCOPY,6.0,5.0,"[2.447, 2.412, 2.489, 2.5, 2.495]",2.4124994577736096,"[[""S"", ""s""], [""s"", ""s""], [""R"", ""s""], [""S"", ""s""], [""r"", ""s""], [""R"", ""s""]]",
5D3Y:A:501,4IP,1.95,X-RAY DIFFRACTION,6.0,1.0,[1.098],1.0982803947579298,"[[""S"", ""S""], [""S"", ""S""], [""S"", ""S""], [""R"", ""R""], [""S"", ""R""], [""S"", ""S""]]",
5D3Y:B:501,4IP,1.95,X-RAY DIFFRACTION,6.0,1.0,[1.047],1.046612738372139,"[[""S"", ""S""], [""S"", ""S""], [""S"", ""S""], [""R"", ""R""], [""S"", ""R""], [""S"", ""S""]]",
6PPL:B:901,IHP,3.02,ELECTRON MICROSCOPY,6.0,3.0,"[2.405, 2.57, 2.465]",2.3772647337866584,"[[""S"", ""R""], [""s"", ""s""], [""R"", ""S""], [""S"", ""S""], [""r"", ""s""], [""R"", ""R""]]",
7D3Y:A:402,IHP,3.11,X-RAY DIFFRACTION,6.0,5.0,"[2.309, 2.572, 2.588, 2.184, 2.255]",2.184401786709712,"[[""S"", ""r""], [""s"", ""r""], [""R"", ""r""], [""S"", ""r""], [""r"", ""r""], [""R"", ""r""]]",
7NAQ:c:1901,IHP,3.2,ELECTRON MICROSCOPY,6.0,5.0,"[2.383, 2.368, 2.244, 2.109, 2.233]",2.1090748743888383,"[[""S"", ""s""], [""s"", ""s""], [""R"", ""s""], [""S"", ""s""], [""r"", ""s""], [""R"", ""s""]]",
9W1B:A:710,IHP,2.87,ELECTRON MICROSCOPY,6.0,5.0,"[2.441, 2.488, 2.457, 2.382, 2.455]",2.3822002382890375,"[[""S"", ""s""], [""s"", ""s""], [""R"", ""s""], [""S"", ""s""], [""r"", ""s""], [""R"", ""s""]]",
9W1B:A:715,IHP,2.87,ELECTRON MICROSCOPY,6.0,5.0,"[2.441, 2.487, 2.457, 2.382, 2.455]",2.3822200794044974,"[[""S"", ""s""], [""s"", ""s""], [""R"", ""s""], [""S"", ""s""], [""r"", ""s""], [""R"", ""s""]]",
9W1B:A:716,IHP,2.87,ELECTRON MICROSCOPY,6.0,5.0,"[2.456, 2.443, 2.49, 2.457, 2.523]",2.443036484562789,"[[""S"", ""s""], [""s"", ""s""], [""R"", ""s""], [""S"", ""s""], [""r"", ""s""], [""R"", ""s""]]",
9W1B:E:702,IHP,2.87,ELECTRON MICROSCOPY,6.0,5.0,"[2.458, 2.445, 2.49, 2.456, 2.522]",2.4449660946634637,"[[""S"", ""s""], [""s"", ""s""], [""R"", ""s""], [""S"", ""s""], [""r"", ""s""], [""R"", ""s""]]",
1BQ3:A:360,IHP,2.7,X-RAY DIFFRACTION,6.0,2.0,"[2.56, 2.601]",1.784708330637449,"[[""S"", ""S""], [""s"", ""s""], [""R"", ""R""], [""S"", ""R""], [""r"", ""r""], [""R"", ""S""]]",
1BQ3:D:350,IHP,2.7,X-RAY DIFFRACTION,6.0,2.0,"[2.593, 2.458]",2.08161430835918,"[[""S"", ""S""], [""s"", ""s""], [""R"", ""R""], [""S"", ""R""], [""r"", ""r""], [""R"", ""S""]]",
7E1J:A:201,IHP,2.72,X-RAY DIFFRACTION,6.0,5.0,"[2.442, 2.417, 2.257, 1.388, 2.422]",1.3875878552282859,"[[""S"", ""s""], [""s"", ""s""], [""R"", ""s""], [""S"", ""s""], [""r"", ""s""], [""R"", ""s""]]",
7E1J:B:201,IHP,2.72,X-RAY DIFFRACTION,6.0,5.0,"[2.309, 2.024, 1.988, 2.228, 2.052]",1.9878378697022443,"[[""S"", ""s""], [""s"", ""s""], [""R"", ""s""], [""S"", ""s""], [""r"", ""s""], [""R"", ""s""]]",
7E1J:C:201,IHP,2.72,X-RAY DIFFRACTION,6.0,2.0,"[2.042, 2.229]",0.519563282480982,"[[""S"", ""R""], [""s"", ""s""], [""R"", ""S""], [""S"", ""S""], [""r"", ""r""], [""R"", ""R""]]",
7E1J:D:201,IHP,2.72,X-RAY DIFFRACTION,6.0,5.0,"[1.583, 1.788, 2.329, 1.118, 2.402]",1.1177606900648542,"[[""S"", ""s""], [""s"", ""s""], [""R"", ""s""], [""S"", ""s""], [""r"", ""s""], [""R"", ""s""]]",
7E1J:E:201,IHP,2.72,X-RAY DIFFRACTION,6.0,5.0,"[2.029, 1.949, 2.438, 1.468, 1.74]",0.500186654652795,"[[""S"", ""s""], [""s"", ""s""], [""R"", ""s""], [""S"", ""s""], [""r"", ""s""], [""R"", ""s""]]",
7E1J:F:201,IHP,2.72,X-RAY DIFFRACTION,6.0,5.0,"[2.278, 2.528, 2.372, 2.168, 2.435]",2.0969322929700414,"[[""S"", ""s""], [""s"", ""s""], [""R"", ""s""], [""S"", ""s""], [""r"", ""s""], [""R"", ""s""]]",
7OR1:A:1206,IHP,2.64,ELECTRON MICROSCOPY,6.0,5.0,"[2.614, 2.586, 2.533, 2.614, 2.446]",2.4204995973378303,"[[""S"", ""s""], [""s"", ""s""], [""R"", ""s""], [""S"", ""s""], [""r"", ""s""], [""R"", ""s""]]",
7OR1:B:1206,IHP,2.64,ELECTRON MICROSCOPY,6.0,5.0,"[2.618, 2.59, 2.538, 2.61, 2.446]",2.4204359191603686,"[[""S"", ""s""], [""s"", ""s""], [""R"", ""s""], [""S"", ""s""], [""r"", ""s""], [""R"", ""s""]]",
7OR1:C:1206,IHP,2.64,ELECTRON MICROSCOPY,6.0,5.0,"[2.614, 2.588, 2.535, 2.611, 2.442]",2.4234743609112783,"[[""S"", ""s""], [""s"", ""s""], [""R"", ""s""], [""S"", ""s""], [""r"", ""s""], [""R"", ""s""]]",
7OR1:D:1201,IHP,2.64,ELECTRON MICROSCOPY,6.0,5.0,"[2.614, 2.586, 2.532, 2.614, 2.449]",2.420163531220979,"[[""S"", ""s""], [""s"", ""s""], [""R"", ""s""], [""S"", ""s""], [""r"", ""s""], [""R"", ""s""]]",
8XUO:A:902,IHP,2.84,ELECTRON MICROSCOPY,6.0,2.0,"[2.535, 2.499]",2.430981340833263,"[[""S"", ""S""], [""s"", ""s""], [""R"", ""R""], [""S"", ""R""], [""r"", ""r""], [""R"", ""S""]]",
8XUO:G:902,IHP,2.84,ELECTRON MICROSCOPY,6.0,2.0,"[2.494, 2.411]",2.4079843201491347,"[[""S"", ""S""], [""s"", ""S""], [""R"", ""R""], [""S"", ""S""], [""r"", ""R""], [""R"", ""R""]]",
9YLB:A:1101,IHP,3.24,ELECTRON MICROSCOPY,6.0,3.0,"[2.255, 2.346, 2.229]",1.990559055512433,"[[""S"", ""R""], [""s"", ""s""], [""R"", ""S""], [""S"", ""S""], [""r"", ""s""], [""R"", ""R""]]",
6C9M:A:901,IHP,2.8,X-RAY DIFFRACTION,6.0,1.0,[0.025],0.025129464221322118,"[[""S"", ""S""], [""s"", ""s""], [""R"", ""R""], [""S"", ""S""], [""r"", ""?""], [""R"", ""R""]]",
7E1K:A:201,IHP,2.4,X-RAY DIFFRACTION,6.0,5.0,"[2.596, 1.972, 1.966, 2.122, 2.173]",1.965652108513487,"[[""S"", ""s""], [""s"", ""s""], [""R"", ""s""], [""S"", ""s""], [""r"", ""s""], [""R"", ""s""]]",
7E1K:B:201,IHP,2.4,X-RAY DIFFRACTION,6.0,5.0,"[2.514, 2.175, 2.161, 2.166, 2.106]",1.9352950586316524,"[[""S"", ""s""], [""s"", ""s""], [""R"", ""s""], [""S"", ""s""], [""r"", ""s""], [""R"", ""s""]]",
7UXC:A:2601,IHP,3.2,ELECTRON MICROSCOPY,6.0,3.0,"[2.537, 2.507, 2.545]",2.384400174871189,"[[""S"", ""R""], [""s"", ""s""], [""R"", ""S""], [""S"", ""S""], [""r"", ""s""], [""R"", ""R""]]",
8GDV:A:301,IHP,3.3,X-RAY DIFFRACTION,6.0,3.0,"[2.363, 2.364, 2.174]",2.174365911878268,"[[""S"", ""R""], [""s"", ""s""], [""R"", ""S""], [""S"", ""S""], [""r"", ""s""], [""R"", ""R""]]",
8GDV:A:302,IHP,3.3,X-RAY DIFFRACTION,6.0,3.0,"[2.438, 2.498, 2.429]",2.349226343174722,"[[""S"", ""R""], [""s"", ""s""], [""R"", ""S""], [""S"", ""S""], [""r"", ""s""], [""R"", ""R""]]",
8XUQ:A:901,IHP,3.17,ELECTRON MICROSCOPY,6.0,2.0,"[2.359, 2.357]",2.35682439832766,"[[""S"", ""S""], [""s"", ""s""], [""R"", ""R""], [""S"", ""R""], [""r"", ""r""], [""R"", ""S""]]",
8XUQ:F:901,IHP,3.17,ELECTRON MICROSCOPY,6.0,2.0,"[2.326, 2.476]",2.326445554881282,"[[""S"", ""S""], [""s"", ""s""], [""R"", ""R""], [""S"", ""R""], [""r"", ""r""], [""R"", ""S""]]",
8XUQ:G:901,IHP,3.17,ELECTRON MICROSCOPY,6.0,2.0,"[2.544, 2.55]",2.45701646794598,"[[""S"", ""S""], [""s"", ""S""], [""R"", ""R""], [""S"", ""S""], [""r"", ""R""], [""R"", ""R""]]",
9D6C:B:303,IHP,2.1,ELECTRON MICROSCOPY,6.0,3.0,"[2.466, 2.355, 2.476]",2.2804477776893606,"[[""S"", ""R""], [""s"", ""s""], [""R"", ""S""], [""S"", ""S""], [""r"", ""s""], [""R"", ""R""]]",
9D6C:E:303,IHP,2.1,ELECTRON MICROSCOPY,6.0,3.0,"[2.477, 2.344, 2.463]",2.270349319140621,"[[""S"", ""R""], [""s"", ""s""], [""R"", ""S""], [""S"", ""S""], [""r"", ""s""], [""R"", ""R""]]",
9D6C:H:303,IHP,2.1,ELECTRON MICROSCOPY,6.0,3.0,"[2.476, 2.354, 2.472]",2.2768761462220954,"[[""S"", ""R""], [""s"", ""s""], [""R"", ""S""], [""S"", ""S""], [""r"", ""s""], [""R"", ""R""]]",
9D6C:K:303,IHP,2.1,ELECTRON MICROSCOPY,6.0,3.0,"[2.449, 2.348, 2.479]",2.284103911081189,"[[""S"", ""R""], [""s"", ""s""], [""R"", ""S""], [""S"", ""S""], [""r"", ""s""], [""R"", ""R""]]",
9D6C:M:401,IHP,2.1,ELECTRON MICROSCOPY,6.0,3.0,"[2.238, 2.331, 2.436]",2.238194697067211,"[[""S"", ""R""], [""s"", ""s""], [""R"", ""S""], [""S"", ""S""], [""r"", ""s""], [""R"", ""R""]]",
9D6C:N:303,IHP,2.1,ELECTRON MICROSCOPY,6.0,3.0,"[2.15, 2.324, 2.521]",2.15045680466027,"[[""S"", ""R""], [""s"", ""s""], [""R"", ""S""], [""S"", ""S""], [""r"", ""s""], [""R"", ""R""]]",
9D6C:R:401,IHP,2.1,ELECTRON MICROSCOPY,6.0,3.0,"[2.468, 2.348, 2.468]",2.2755964673958307,"[[""S"", ""R""], [""s"", ""s""], [""R"", ""S""], [""S"", ""S""], [""r"", ""s""], [""R"", ""R""]]",
9YLF:A:1101,IHP,3.14,ELECTRON MICROSCOPY,6.0,3.0,"[2.352, 2.524, 2.112]",2.1124676024578424,"[[""S"", ""R""], [""s"", ""s""], [""R"", ""S""], [""S"", ""S""], [""r"", ""s""], [""R"", ""R""]]",
5F24:A:306,,,,,,,,,KeyError: 'template_cip'
5F24:B:308,,,,,,,,,KeyError: 'template_cip'
6SYT:A:3701,IHP,3.45,ELECTRON MICROSCOPY,6.0,3.0,"[2.447, 2.518, 0.298]",0.29758749535022844,"[[""S"", ""R""], [""s"", ""s""], [""R"", ""S""], [""S"", ""S""], [""r"", ""s""], [""R"", ""R""]]",
7E40:B:402,IHP,2.6,X-RAY DIFFRACTION,6.0,3.0,"[2.205, 2.243, 2.258]",2.0989189181386507,"[[""S"", ""R""], [""s"", ""s""], [""R"", ""S""], [""S"", ""S""], [""r"", ""s""], [""R"", ""R""]]",
7VCF:A:2005,IHP,2.5,ELECTRON MICROSCOPY,6.0,5.0,"[2.015, 2.086, 2.062, 2.206, 2.066]",2.014690246409934,"[[""S"", ""s""], [""s"", ""s""], [""R"", ""s""], [""S"", ""s""], [""r"", ""s""], [""R"", ""s""]]",
8XVV:L:3901,IHP,3.2,ELECTRON MICROSCOPY,6.0,5.0,"[2.399, 2.29, 2.295, 2.193, 2.196]",2.192776844149762,"[[""S"", ""s""], [""s"", ""s""], [""R"", ""s""], [""S"", ""s""], [""r"", ""s""], [""R"", ""s""]]",
5HDT:A:1201,IHP,2.71,X-RAY DIFFRACTION,6.0,2.0,"[2.312, 2.415]",0.3067292584699892,"[[""S"", ""R""], [""s"", ""s""], [""R"", ""S""], [""S"", ""S""], [""r"", ""r""], [""R"", ""R""]]",
5HDT:B:1201,IHP,2.71,X-RAY DIFFRACTION,6.0,2.0,"[2.289, 2.364]",0.368662893917282,"[[""S"", ""R""], [""s"", ""s""], [""R"", ""S""], [""S"", ""S""], [""r"", ""r""], [""R"", ""R""]]",
6VFF:A:801,IHP,2.8,X-RAY DIFFRACTION,6.0,5.0,"[1.942, 1.838, 1.669, 1.924, 1.812]",1.6511004787611339,"[[""S"", ""s""], [""s"", ""s""], [""R"", ""s""], [""S"", ""s""], [""r"", ""s""], [""R"", ""s""]]",
6VFF:B:801,IHP,2.8,X-RAY DIFFRACTION,6.0,5.0,"[2.017, 1.681, 1.881, 2.047, 1.979]",1.5159451305445217,"[[""S"", ""s""], [""s"", ""s""], [""R"", ""s""], [""S"", ""s""], [""r"", ""s""], [""R"", ""s""]]",
7PW4:A:3701,IHP,3.27,ELECTRON MICROSCOPY,6.0,3.0,"[2.43, 2.416, 2.377]",2.315853466791417,"[[""S"", ""R""], [""s"", ""s""], [""R"", ""S""], [""S"", ""S""], [""r"", ""s""], [""R"", ""R""]]",
6FF4:A:3001,IHP,3.4,ELECTRON MICROSCOPY,6.0,5.0,"[2.433, 2.489, 2.284, 2.263, 2.328]",2.2343459881203387,"[[""S"", ""s""], [""s"", ""s""], [""R"", ""s""], [""S"", ""s""], [""r"", ""s""], [""R"", ""s""]]",
7PW5:A:3701,IHP,3.4,ELECTRON MICROSCOPY,6.0,3.0,"[2.43, 2.416, 2.377]",2.315853466791417,"[[""S"", ""R""], [""s"", ""s""], [""R"", ""S""], [""S"", ""S""], [""r"", ""s""], [""R"", ""R""]]",
4RW3:A:304,,,,,,,,,KeyError: 'template_cip'
7PW6:A:3701,IHP,3.05,ELECTRON MICROSCOPY,6.0,3.0,"[2.507, 2.405, 2.522]",2.2720672221290386,"[[""S"", ""R""], [""s"", ""s""], [""R"", ""S""], [""S"", ""S""], [""r"", ""s""], [""R"", ""R""]]",
7YTJ:D:1001,IHP,3.0,ELECTRON MICROSCOPY,6.0,3.0,"[2.371, 2.38, 2.293]",2.2933406128981666,"[[""S"", ""R""], [""s"", ""s""], [""R"", ""S""], [""S"", ""S""], [""r"", ""s""], [""R"", ""R""]]",
7YTJ:D:1002,IHP,3.0,ELECTRON MICROSCOPY,6.0,3.0,"[2.347, 2.456, 2.741]",2.3470310085137385,"[[""S"", ""R""], [""s"", ""s""], [""R"", ""S""], [""S"", ""S""], [""r"", ""s""], [""R"", ""R""]]",
7YTJ:D:1004,IHP,3.0,ELECTRON MICROSCOPY,6.0,3.0,"[2.358, 2.411, 2.662]",2.1357565814328474,"[[""S"", ""R""], [""s"", ""s""], [""R"", ""S""], [""S"", ""S""], [""r"", ""s""], [""R"", ""R""]]",
8ZEN:C:501,IHP,2.99,ELECTRON MICROSCOPY,6.0,5.0,"[2.251, 2.245, 2.357, 2.343, 2.304]",2.2447438530053656,"[[""S"", ""s""], [""s"", ""s""], [""R"", ""s""], [""S"", ""s""], [""r"", ""s""], [""R"", ""s""]]",
8ZEN:D:501,IHP,2.99,ELECTRON MICROSCOPY,6.0,5.0,"[2.134, 2.164, 2.236, 2.146, 2.149]",2.1009408855584972,"[[""S"", ""s""], [""s"", ""s""], [""R"", ""s""], [""S"", ""s""], [""r"", ""s""], [""R"", ""s""]]",
9DP5:A:902,IHP,2.0,X-RAY DIFFRACTION,6.0,2.0,"[2.104, 2.515]",1.5490377694645807,"[[""S"", ""S""], [""s"", ""s""], [""R"", ""R""], [""S"", ""R""], [""r"", ""r""], [""R"", ""S""]]",
9DP5:B:902,IHP,2.0,X-RAY DIFFRACTION,6.0,2.0,"[2.095, 2.513]",1.561997628642879,"[[""S"", ""S""], [""s"", ""s""], [""R"", ""R""], [""S"", ""R""], [""r"", ""r""], [""R"", ""S""]]",
5W3T:A:501,IHP,2.15,X-RAY DIFFRACTION,6.0,5.0,"[2.388, 2.087, 2.233, 2.325, 2.01]",2.01035027656207,"[[""S"", ""s""], [""s"", ""s""], [""R"", ""s""], [""S"", ""s""], [""r"", ""s""], [""R"", ""s""]]",
5W3T:B:501,IHP,2.15,X-RAY DIFFRACTION,6.0,5.0,"[2.197, 2.243, 1.906, 2.261, 2.297]",1.9063011410979795,"[[""S"", ""s""], [""s"", ""s""], [""R"", ""s""], [""S"", ""s""], [""r"", ""s""], [""R"", ""s""]]",
5W3T:C:501,IHP,2.15,X-RAY DIFFRACTION,6.0,5.0,"[1.866, 2.033, 2.018, 1.925, 2.041]",1.8663347115677626,"[[""S"", ""s""], [""s"", ""s""], [""R"", ""s""], [""S"", ""s""], [""r"", ""s""], [""R"", ""s""]]",
5W3T:D:501,IHP,2.15,X-RAY DIFFRACTION,6.0,5.0,"[2.178, 2.372, 1.951, 2.291, 2.398]",1.951094976763517,"[[""S"", ""s""], [""s"", ""s""], [""R"", ""s""], [""S"", ""s""], [""r"", ""s""], [""R"", ""s""]]",
6WMV:A:301,,,,,,,,,KeyError: 'template_cip'
7PW8:A:3701,IHP,2.82,ELECTRON MICROSCOPY,6.0,3.0,"[2.512, 2.411, 2.362]",2.166552185270625,"[[""S"", ""R""], [""s"", ""s""], [""R"", ""S""], [""S"", ""S""], [""r"", ""s""], [""R"", ""R""]]",
8ZEO:C:501,IHP,2.79,ELECTRON MICROSCOPY,6.0,5.0,"[2.309, 2.327, 2.228, 2.281, 2.226]",2.226043696468602,"[[""S"", ""s""], [""s"", ""s""], [""R"", ""s""], [""S"", ""s""], [""r"", ""s""], [""R"", ""s""]]",
8ZEO:D:501,IHP,2.79,ELECTRON MICROSCOPY,6.0,5.0,"[2.247, 2.331, 2.388, 2.257, 2.261]",2.246639472872161,"[[""S"", ""s""], [""s"", ""s""], [""R"", ""s""], [""S"", ""s""], [""r"", ""s""], [""R"", ""s""]]",
9DTQ:D:401,IHP,2.87,ELECTRON MICROSCOPY,6.0,1.0,[2.592],2.543947359180139,"[[""S"", ""S""], [""s"", ""r""], [""R"", ""R""], [""S"", ""S""], [""r"", ""r""], [""R"", ""R""]]",
3UDZ:A:500,IHP,2.5,X-RAY DIFFRACTION,6.0,2.0,"[2.096, 2.236]",2.054591693774317,"[[""S"", ""R""], [""s"", ""s""], [""R"", ""S""], [""S"", ""S""], [""r"", ""r""], [""R"", ""R""]]",
3UDZ:B:500,IHP,2.5,X-RAY DIFFRACTION,6.0,5.0,"[2.372, 2.297, 2.496, 2.193, 2.212]",2.1929751272148024,"[[""S"", ""r""], [""s"", ""r""], [""R"", ""r""], [""S"", ""r""], [""r"", ""r""], [""R"", ""r""]]",
5W3X:A:501,IHP,2.0,X-RAY DIFFRACTION,6.0,5.0,"[2.245, 2.314, 2.195, 2.402, 2.002]",2.002492576190167,"[[""S"", ""s""], [""s"", ""s""], [""R"", ""s""], [""S"", ""s""], [""r"", ""s""], [""R"", ""s""]]",
5W3X:C:501,IHP,2.0,X-RAY DIFFRACTION,6.0,5.0,"[2.2, 2.017, 1.834, 2.289, 1.871]",1.8338675122251928,"[[""S"", ""s""], [""s"", ""s""], [""R"", ""s""], [""S"", ""s""], [""r"", ""s""], [""R"", ""s""]]",
7PW9:A:3702,IHP,3.12,ELECTRON MICROSCOPY,6.0,3.0,"[2.494, 2.397, 2.409]",2.211648709634453,"[[""S"", ""R""], [""s"", ""s""], [""R"", ""S""], [""S"", ""S""], [""r"", ""s""], [""R"", ""R""]]",
8ZEP:C:501,IHP,3.29,ELECTRON MICROSCOPY,6.0,5.0,"[2.402, 2.206, 2.14, 2.393, 2.261]",2.1395995947132693,"[[""S"", ""s""], [""s"", ""s""], [""R"", ""s""], [""S"", ""s""], [""r"", ""s""], [""R"", ""s""]]",
8ZEP:D:501,IHP,3.29,ELECTRON MICROSCOPY,6.0,5.0,"[2.306, 2.388, 2.409, 2.338, 2.33]",2.306051808866961,"[[""S"", ""s""], [""s"", ""s""], [""R"", ""s""], [""S"", ""s""], [""r"", ""s""], [""R"", ""s""]]",
